{"stocks": [{"Sector": "Energy", "Sector Summary": "blah blah Energy", "Stock Names": ["APA", "BKR", "COG", "CVX", "COP", "DVN", "FANG", "EOG", "XOM", "HAL", "HES", "KMI", "MRO", "MPC", "NOV", "OXY", "OKE", "PSX", "PXD", "SLB", "VLO", "WMB"], "Stability Coefficients (highs)": [14.82434925731764, 15.323201379270545, 5.41107010623094, 4.740481106295239, 7.929630958354712, 12.93650938848088, 11.015729960733953, 9.45546697327284, 7.612538880829061, 14.196597082695098, 5.830746197655931, 4.988745712637635, 12.304734891267445, 9.800541809365601, 12.081213967551465, 13.600680020059931, 10.08244797331423, 6.706305086901563, 7.67652703918914, 14.449066694752204, 9.229656559774458, 6.357941468034446], "Avg Stab. Coefficient (highs)": 9.84, "Stability Coefficients (at close)": [14.960405988528592, 15.431791036298607, 5.520174675747328, 4.852432326350988, 8.038587854816793, 13.071460619224297, 11.122005546221953, 9.573833477151636, 7.731171672475362, 14.311703583227603, 5.9572485063915535, 5.1093114996397775, 12.431174124085853, 9.931874041165466, 12.20110658853891, 13.729538109104299, 10.259864245982017, 6.824058837713339, 7.79061463574198, 14.565112366905732, 9.335394174932672, 6.55828996798986], "Avg Stab. Coefficient (at close)": 9.97, "Avg Up Market Length (days)": 22.52, "Avg Up Market Return (%)": 125.01, "Avg Down Market Length (days)": 61.63, "Avg Down Market Return (%)": 86.7, "Recent Trajectories": ["Negative Trajectory", "Negative Trajectory", "Negative Trajectory", "Negative Trajectory", "Negative Trajectory", "Negative Trajectory", "Negative Trajectory", "Negative Trajectory", "Negative Trajectory", "Negative Trajectory", "Positive Trajectory", "Negative Trajectory", "Negative Trajectory", "Negative Trajectory", "Negative Trajectory", "Negative Trajectory", "Positive Trajectory", "Negative Trajectory", "Negative Trajectory", "Negative Trajectory", "Negative Trajectory", "Indeterminate"]}]}