{
    "stocks": 
        {
            "Sector": "Grocery and Wholesale", 
            "Sector Summary": "Wholesaling or distributing is the sale of goods or merchandise to retailers; to industrial, commercial, institutional or other professional business users; or to other wholesalers and related subordinated services.",
            "Stock Names": [
                "AMZN", "WMT", "TGT", "COST", "BJ", "KR"
            ], 
            "Stability Coefficients (highs)": [
                17.017541737465493, 8.611779470730086, 12.721083228906778, 10.896433697868751, 6.185662132289725, 5.5844097230967575
            ], 
            "Avg Stab. Coefficient (highs)": 10.17, 
            "Stability Coefficients (at close)": [
                16.943801375171844, 8.570548234338409, 12.713568633319817, 10.870039207161403, 6.181662855742873, 5.589166416045355
            ], 
            "Avg Stab. Coefficient (at close)": 10.14, 
            "Avg Up Market Length (days)": 34.07, 
            "Avg Up Market Return (%)": 125.34, 
            "Avg Down Market Length (days)": 87.66, 
            "Avg Down Market Return (%)": 94.25, 
            "Recent Trajectories": [
                "Positive", "Positive", "Positive", "Positive", "Positive", "Indeterminate"
            ]
        }
    
}