{"stocks": [{"Sector": "Automobiles", "Stock Names": ["F", "TM", "GM", "HMC", "TSLA", "NIO", "RACE", "VWAGY"], "Stability Coefficients (highs)": [7.484946034882958, 3.3586173824782777, 5.4066303523772, 3.7322218061006986, 46.33944202052044, 31.44512564544008, 14.509678698539158, 2.1956689708543466], "Avg Stab. Coefficient (highs)": 14.31, "Stability Coefficients (at close)": [7.602444492452799, 3.3633023968846945, 5.480046179151242, 3.7704993379716383, 46.31998629984958, 31.50122847580695, 14.502252330866082, 2.2709228094311738], "Avg Stab. Coefficient (at close)": 14.35, "Avg Up Market Length (days)": 10.06, "Avg Up Market Return (%)": 131.26, "Avg Down Market Length (days)": 35.85, "Avg Down Market Return (%)": 86.64, "Recent Trajectories": ["Negative Trajectory", "Positive Trajectory", "Positive Trajectory", "Indeterminate", "Indeterminate", "Indeterminate", "Positive Trajectory", "Positive Trajectory"]}]}