{"stocks": [{"Sector": "Cryptocurrencies", "Stock Names": ["BTC-USD", "ETH-USD", "LTC", "DOGE-USD"], "Stability Coefficients (highs)": [7.484946034882958, 3.3586173824782777, 5.4066303523772, 3.7322218061006986, 46.33944202052044, 31.44512564544008, 14.509678698539158, 2.1956689708543466, 38.288246037344415, 43.170857631662535, 4.010750490456575, 50.86582341965737], "Avg Stab. Coefficient (highs)": 20.9, "Stability Coefficients (at close)": [7.602444492452799, 3.3633023968846945, 5.480046179151242, 3.7704993379716383, 46.31998629984958, 31.50122847580695, 14.502252330866082, 2.2709228094311738, 37.9931686472961, 42.76907041895735, 4.145973284532765, 41.75990402479391], "Avg Stab. Coefficient (at close)": 20.12, "Avg Up Market Length (days)": 5.88, "Avg Up Market Return (%)": 133.19, "Avg Down Market Length (days)": 17.03, "Avg Down Market Return (%)": 83.59, "Recent Trajectories": ["Indeterminate", "Positive Trajectory", "Positive Trajectory", "Indeterminate", "Indeterminate", "Indeterminate", "Positive Trajectory", "Positive Trajectory", "Positive Trajectory", "Positive Trajectory", "Negative Trajectory", "Positive Trajectory"]}]}