{"stocks": [{"Sector": "Banking and Finance", "Stock Names": ["AXP", "COF", "C", "V", "DFS", "WFC", "PYPL"], "Stability Coefficients (highs)": [7.484946034882958, 3.3586173824782777, 5.4066303523772, 3.7322218061006986, 46.33944202052044, 31.44512564544008, 14.509678698539158, 2.1956689708543466, 38.288246037344415, 43.170857631662535, 4.010750490456575, 50.86582341965737, 15.617271777461106, 11.979290618450595, 8.787162956247297, 33.19499570231439, 12.721083228906778, 11.679017364907304, 8.852465519985454, 18.45953513780774, 6.013414493944468, 12.293567492104446, 17.017541737465493, 20.056318790743877, 13.089229388608274, 22.273730114687822, 4.682379237313709, 4.970343967326619, 5.490979146578234, 3.763302041575136, 5.692032740117211, 20.085345749453555, 7.526013677019468, 5.301360358613149, 6.577032202821286, 11.671000722080878, 6.509775595314107, 7.813528289826721, 19.51290680089462], "Avg Stab. Coefficient (highs)": 14.68, "Stability Coefficients (at close)": [7.602444492452799, 3.3633023968846945, 5.480046179151242, 3.7704993379716383, 46.31998629984958, 31.50122847580695, 14.502252330866082, 2.2709228094311738, 37.9931686472961, 42.76907041895735, 4.145973284532765, 41.75990402479391, 15.758257327503566, 12.088308987020486, 8.878661722991668, 33.40935764261879, 12.713568633319817, 11.685618405143662, 8.788672283821864, 18.348794917038408, 6.0065369009185625, 12.263918341467363, 16.943801375171844, 20.354367633870353, 13.109367949968558, 22.36863400265667, 4.693957221803936, 5.021102460109356, 5.474849004283647, 3.7870407610385866, 5.673282694288449, 19.94622977465257, 7.526322658153374, 5.400113983298327, 6.665944190333601, 11.625825431248632, 6.607402980701587, 7.916217698757325, 19.44969630209408], "Avg Stab. Coefficient (at close)": 14.46, "Avg Up Market Length (days)": 8.73, "Avg Up Market Return (%)": 131.39, "Avg Down Market Length (days)": 27.75, "Avg Down Market Return (%)": 83.85, "Recent Trajectories": ["Indeterminate", "Positive Trajectory", "Positive Trajectory", "Indeterminate", "Indeterminate", "Indeterminate", "Positive Trajectory", "Positive Trajectory", "Positive Trajectory", "Positive Trajectory", "Negative Trajectory", "Positive Trajectory", "Negative Trajectory", "Negative Trajectory", "Positive Trajectory", "Negative Trajectory", "Positive Trajectory", "Positive Trajectory", "Positive Trajectory", "Positive Trajectory", "Positive Trajectory", "Positive Trajectory", "Positive Trajectory", "Negative Trajectory", "Positive Trajectory", "Negative Trajectory", "Positive Trajectory", "Positive Trajectory", "Positive Trajectory", "Positive Trajectory", "Positive Trajectory", "Positive Trajectory", "Positive Trajectory", "Positive Trajectory", "Positive Trajectory", "Positive Trajectory", "Positive Trajectory", "Negative Trajectory", "Positive Trajectory"]}]}