Stock,Stability Coefficient (high),Variance (high),Stability Coefficient (close),Variance (close)
BTC-USD,38.288246037344415,37919349.35254928,37.9931686472961,35568841.25265589
ETH-USD,43.170857631662535,74682.18942182904,42.76907041895735,68513.11471058358
LTC,4.010750490456575,25.61352187629046,4.145973284532765,26.815124020923545
DOGE-USD,50.86582341965737,9.594275516730666e-06,41.75990402479391,5.978776687328575e-06
