Stock,Stability Coefficient (high),Variance (high),Stability Coefficient (close),Variance (close)
JNJ,3.362116386331266,159.74477489893317,3.3349206700537635,154.95841730725633
KO,3.1412440610750556,17.51829257898545,3.1357445980658447,17.22029682792283
PG,6.9662299466506346,389.3833711790827,6.923290931871179,379.17829802101073
CLX,6.95458062247317,899.0647405477624,6.8760106342944605,863.2257348342077
CPB,6.003091488379629,69.4081925763618,6.062361253965713,69.41371904553097
GIS,4.717818031921751,55.09776056340713,4.756732820145269,55.061397135574865
CL,2.5109297142823004,25.588021096012827,2.5328115493684153,25.654394400882637
