Stock,Stability Coefficient (high),Variance (high),Stability Coefficient (close),Variance (close)
JNJ.csv,0.7991247512541404,55.833270127500896,0.8651231385667479,64.12522227773897
COST.csv,1.417311019504775,908.5305827193783,1.4519449247787235,934.8179181705578
CL.csv,1.1290973231570918,29.844466477234935,1.1916622570989122,32.5579037417029
RSG.csv,1.3265089362931568,56.641006437839806,1.376322989856809,59.607541203483215
AMC.csv,6.841743170053343,4.065280932871434,6.488018141122143,3.24863373015873
BTC-USD.csv,11.30791059821824,65365463.76397151,11.101026892756154,60246138.472954795
DOGE-USD.csv,25.89638703432782,2.536140047790055e-05,17.47065441659083,9.746924674033148e-06
GME.csv,49.89445270848779,2287.9861456398185,41.743779178256354,1123.2672913074582
SIEB.csv,5.64106271113034,3.7577401687698395,5.09244806680629,2.7560695259126984
